{
  "auroc": 0.8415305602116041,
  "sensitivity": 0.8001955671447197,
  "specificity": 0.7150784827300307,
  "precision": 0.07508563738683631,
  "f1": 0.13728889385974724,
  "brier_score": 0.130658462719186,
  "threshold": 0.37499999999999994
}